;constituency_name;party_winner_name;party_winner_code;party_winner_votes;max_votes;is_winner;constituency_total_voters;constituency_total_votes;votes_turnout_by_party_per_constituency;votes_turnout_by_party_over_uk;voters_turnout_by_constituency
0;Aberavon;Conservative;C;14142;14142;True;50750;31505;0.44888112997936835;0.001109044689983896;0.6207881773399014
6;Aberconwy;Conservative;C;14827;14827;True;44699;27209;0.5449299864015583;0.0011627637970860717;0.6087160786594779
12;Aberdeen North;Conservative;C;9463;9463;True;62489;17960;0.5268930957683742;0.0007421078985516623;0.2874105842628303
24;Aberdeen South;Scottish National Party;SNP;7623;7623;True;65719;23536;0.32388681169272604;0.0005978113188903437;0.35813082974482263
26;Airdrie and Shotts;Conservative;C;10751;10751;True;64011;18162;0.5919502257460633;0.0008431155043145854;0.283732483479402
36;Aldershot;Labour;L;3036;3036;True;72617;8582;0.3537636914472151;0.00023808935644117581;0.11818169299199911
40;Aldridge-Brownhills;Green Party;G;3311;3311;True;60138;9909;0.33414068018972654;0.00025965542133620987;0.16477102663873092
45;Altrincham and Sale West;Conservative;C;14898;14898;True;73107;30118;0.4946543595192244;0.0011683317629316986;0.4119714938377994
51;Alyn and Deeside;Conservative;C;14943;14943;True;62789;31017;0.4817680626753071;0.001171860755369068;0.4939878004109
57;Amber Valley;Conservative;C;13836;13836;True;69976;19263;0.7182681825260863;0.0010850475414097855;0.2752800960329256
63;Angus;Conservative;C;13267;13267;True;63952;21923;0.605163526889568;0.0010404253925906058;0.3428039779834876
73;Arfon;Labour;L;12261;12261;True;42215;20473;0.5988863381038441;0.0009615328061018632;0.4849697974653559
76;Argyll and Bute;Conservative;C;13903;13903;True;66525;22445;0.6194252617509468;0.0010903018190387573;0.3373919579105599
83;Arundel and South Downs;Conservative;C;14717;14717;True;81726;22311;0.6596297790327641;0.0011541373711280581;0.2729975772703913
89;Ashfield;Conservative;C;6753;6753;True;78204;17496;0.3859739368998628;0.0005295841317678723;0.2237225717354611
95;Ashford;Conservative;C;7775;7775;True;89553;17093;0.4548645644415843;0.0006097314711232351;0.19087021093654039
101;Ashton-Under-Lyne;Conservative;C;3645;3645;True;0;11296;0.3226805949008499;0.0002858483874269057;inf
107;Aylesbury;Conservative;C;13588;13588;True;86665;32272;0.4210461080813089;0.0010655988719771728;0.3723763918536895
118;Ayr, Carrick and Cumnock;Scottish National Party;SNP;7796;7796;True;0;21495;0.3626889974412654;0.0006113783342606741;inf
123;Banbury;Labour;L;10217;10217;True;90116;22701;0.4500682789304436;0.0008012381273911375;0.2519086510719517
131;Banff and Buchan;Scottish National Party;SNP;4309;4309;True;66655;15522;0.2776059786110037;0.0003379206313916425;0.2328707523816668
133;Barking;Conservative;C;9440;9440;True;77953;19412;0.48629713579229344;0.0007403041913058958;0.24902184649724834
142;Barnsley Central;Labour;L;3428;3428;True;65277;13417;0.2554967578445256;0.0002688308016733698;0.20553947025751795
145;Barnsley East;Conservative;C;7623;7623;True;69504;17589;0.4333958724202627;0.0005978113188903437;0.2530645718232044
154;Barrow and Furness;Labour;L;3270;3270;True;70158;11710;0.27924850555081127;0.00025644011711549566;0.16690897688075487
160;Basildon and Billericay;Labour;L;11608;11608;True;69906;23584;0.49219810040705564;0.0009103232047329278;0.33736732183217466
163;Basingstoke;Conservative;C;10294;10294;True;82928;24462;0.42081595944730604;0.0008072766255617469;0.2949787767702103
169;Bassetlaw;Conservative;C;8426;8426;True;80024;20443;0.41217042508438095;0.0006607842283838431;0.25546086174147753
178;Bath;Labour;L;8284;8284;True;67805;12827;0.6458252124425041;0.0006496482966925891;0.18917483961359782
184;Batley and Spen;Labour;L;9848;9848;True;79558;16790;0.5865396069088743;0.0007723003894047099;0.21104100153347244
190;Battersea;Labour;L;10573;10573;True;79350;18991;0.5567374019272286;0.0008291563786734361;0.23933207309388785
196;Beaconsfield;Labour;L;8358;8358;True;77720;14085;0.5933972310969116;0.0006554515287007073;0.18122748327328872
202;Beckenham;Labour;L;11639;11639;True;68662;20366;0.5714917018560346;0.0009127542884120043;0.296612391133378
205;Bedford;Conservative;C;6643;6643;True;71581;19436;0.3417884338341223;0.0005209577058098586;0.2715245665749291
211;Belfast East;Conservative;C;12334;12334;True;66245;17642;0.6991270830971545;0.0009672576160558177;0.26631443882557176
217;Belfast North;Conservative;C;12692;12692;True;72225;31235;0.40633904274051547;0.0009953327114464439;0.4324679820006923
226;Belfast South;Labour;L;2563;2563;True;69984;8659;0.2959926088462871;0.00020099572482171725;0.12372828074988569
229;Belfast West;Conservative;C;14304;14304;True;65644;23508;0.6084737110770801;0.0011217490627584252;0.3581134604838218
238;Bermondsey and Old Southwark;Labour;L;4900;4900;True;93248;12909;0.379580137888295;0.00038426806540242474;0.13843728551818807
244;Berwick-Upon-Tweed;Labour;L;12402;12402;True;0;24630;0.5035322777101097;0.0009725903157389534;inf
250;Berwickshire, Roxburgh and Selkirk;Labour;L;5152;5152;True;0;15228;0.33832413974257947;0.0004040304230516923;inf
257;Bethnal Green and Bow;Labour;L;4314;4314;True;88262;10300;0.41883495145631067;0.00033831274166246127;0.11669801273481227
260;Beverley and Holderness;Conservative;C;14381;14381;True;79696;27491;0.5231166563602634;0.0011277875609290347;0.3449483035535033
266;Bexhill and Battle;Conservative;C;10032;10032;True;81963;27923;0.3592737170074849;0.0007867300473708419;0.34067811085489796
275;Bexleyheath and Crayford;Labour;L;9818;9818;True;65466;15475;0.6344426494345718;0.0007699477277797971;0.2363822442183729
281;Birkenhead;Labour;L;12386;12386;True;63762;17477;0.7087028666247067;0.0009713355628723332;0.2740974247984693
284;Birmingham, Edgbaston;Conservative;C;12407;12407;True;0;31385;0.39531623386968295;0.0009729824260097722;inf
293;Birmingham, Erdington;Labour;L;12417;12417;True;0;24680;0.5031199351701783;0.0009737666465514098;inf
296;Birmingham, Hall Green;Conservative;C;10846;10846;True;0;21893;0.4954094916183255;0.0008505655994601426;inf
302;Birmingham, Hodge Hill;Conservative;C;12578;12578;True;0;26166;0.48070014522662996;0.0009863925972717752;inf
308;Birmingham, Ladywood;Conservative;C;8700;8700;True;0;18188;0.47833736529579945;0.0006822718712247133;inf
314;Birmingham, Northfield;Conservative;C;3204;3204;True;0;10490;0.30543374642516685;0.0002512642615406875;inf
323;Birmingham, Perry Barr;Labour;L;4883;4883;True;0;10362;0.47124107315190117;0.0003829348904816408;inf
326;Birmingham, Selly Oak;Conservative;C;7555;7555;True;0;13194;0.5726087615582841;0.0005924786192072079;inf
335;Birmingham, Yardley;Labour;L;12727;12727;True;0;25481;0.49947019347749305;0.0009980774833421755;inf
338;Bishop Auckland;Conservative;C;14760;14760;True;68170;28299;0.5215732004664476;0.0011575095194570999;0.41512395481883524
347;Blackburn;Labour;L;7853;7853;True;71234;19954;0.39355517690688585;0.0006158483913480085;0.2801190442766095
353;Blackley and Broughton;Labour;L;11464;11464;True;73372;20854;0.549726671142227;0.0008990304289333464;0.2842228643079104
359;Blackpool North and Cleveleys;Labour;L;9241;9241;True;63692;20141;0.45881535177002136;0.0007246982025273075;0.31622495760849084
362;Blackpool South;Conservative;C;11864;11864;True;57690;21977;0.5398371024252627;0.0009303992505988504;0.38094990466285317
371;Blaenau Gwent;Labour;L;10673;10673;True;50739;17425;0.6125107604017217;0.000836998584089812;0.34342419046492834
374;Blaydon;Conservative;C;12937;12937;True;67853;23219;0.557173004866704;0.001014546114716565;0.34219562878575743
383;Blyth Valley;Labour;L;8184;8184;True;64429;18405;0.44466177669111656;0.000641806091276213;0.2856632882708097
386;Bognor Regis and Littlehampton;Conservative;C;8929;8929;True;77446;19125;0.46687581699346403;0.0007002305216282144;0.2469462593290809
395;Bolsover;Labour;L;6053;6053;True;75161;13339;0.45378214258939953;0.0004746886938532402;0.17747235933529357
401;Bolton North East;Labour;L;9934;9934;True;67564;23054;0.43090136201960616;0.0007790446860627933;0.341217216269019
404;Bolton South East;Conservative;C;5342;5342;True;69163;9021;0.5921738166500388;0.0004189306133428067;0.13043101080057257
410;Bolton West;Conservative;C;4835;4835;True;73191;13610;0.3552534900808229;0.0003791706318817803;0.18595182467789756
416;Bootle;Conservative;C;12872;12872;True;74832;21731;0.5923335327412452;0.0010094486811959207;0.29039715629677143
425;Boston and Skegness;Labour;L;12395;12395;True;69381;25499;0.4860974940193733;0.0009720413613598071;0.36752136752136755
431;Bosworth;Labour;L;10930;10930;True;81542;17742;0.6160523052643445;0.0008571530520098984;0.2175811238380221
434;Bournemouth East;Conservative;C;4229;4229;True;74125;6503;0.650315239120406;0.00033164686705854167;0.08773018549747048
443;Bournemouth West;Labour;L;6664;6664;True;74205;14362;0.46400222810193564;0.0005226045689472977;0.1935449093726838
446;Bracknell;Conservative;C;14242;14242;True;78978;30943;0.460265649743076;0.001116886895400272;0.39179265111803285
456;Bradford East;Liberal Democrats;LD;2817;2817;True;73206;10988;0.25637058609392066;0.00022091492657931233;0.15009698658579898
461;Bradford South;Labour;L;7090;7090;True;69046;12575;0.563817097415507;0.0005560123640210594;0.1821249601714799
467;Bradford West;Labour;L;7564;7564;True;70694;13241;0.5712559474359943;0.0005931844176946818;0.18730019520751406
470;Braintree;Conservative;C;13146;13146;True;75208;20343;0.6462173720690164;0.001030936324036791;0.27048984150622274
476;Brecon and Radnorshire;Conservative;C;6047;6047;True;55490;9284;0.6513356311934511;0.0004742181615282576;0.16730942512164354
482;Brent Central;Conservative;C;11588;11588;True;84032;25946;0.44661990287520237;0.0009087547636496526;0.3087633282559025
488;Brent North;Conservative;C;11465;11465;True;83788;22107;0.5186140136608314;0.0008991088509875101;0.2638444646011362
497;Brentford and Isleworth;Labour;L;5767;5767;True;85775;15631;0.36894632461134924;0.0004522599863624048;0.18223258525211308
500;Brentwood and Ongar;Conservative;C;12763;12763;True;75255;26974;0.4731593386223771;0.0010009006772920708;0.3584346555046176
509;Bridgend;Labour;L;12773;12773;True;63303;26022;0.4908538928598878;0.0010016848978337083;0.4110705653760485
515;Bridgwater and West Somerset;Labour;L;7078;7078;True;85327;11588;0.6108042802899551;0.0005550712993710943;0.13580695442239854
518;Brigg and Goole;Conservative;C;8781;8781;True;65939;15338;0.5724996740122571;0.0006886240576119779;0.23260892643200534
524;Brighton, Kemptown;Conservative;C;13131;13131;True;0;22178;0.5920732257191812;0.0010297599932243345;inf
530;Brighton, Pavilion;Conservative;C;4224;4224;True;0;12333;0.34249574312819264;0.0003312547567877229;inf
536;Bristol East;Conservative;C;14768;14768;True;73867;22128;0.6673897324656544;0.00115813689589041;0.299565435174029
545;Bristol North West;Labour;L;10014;10014;True;76273;23374;0.42842474544365533;0.0007853184503958941;0.3064518243677317
548;Bristol South;Conservative;C;6592;6592;True;84079;18127;0.36365642411871796;0.0005169581810475069;0.21559485721761676
557;Bristol West;Labour;L;7452;7452;True;99253;16136;0.46182449181953394;0.0005844011476283407;0.16257443099956675
563;Broadland;Labour;L;6236;6236;True;78151;14674;0.42496933351506067;0.0004890399297652083;0.1877647119038784
566;Bromley and Chislehurst;Conservative;C;4478;4478;True;66697;10048;0.4456608280254777;0.00035117395854531797;0.15065145358861717
572;Bromsgrove;Conservative;C;11838;11838;True;75078;26644;0.44430265725866985;0.0009283602771905927;0.35488425370947546
578;Broxbourne;Conservative;C;12676;12676;True;73182;25276;0.5015034024370945;0.0009940779585798237;0.345385477303162
587;Broxtowe;Labour;L;6993;6993;True;73052;17085;0.4093064091308165;0.0005484054247671747;0.23387450035591087
593;Buckingham;Labour;L;12827;12827;True;83146;25615;0.5007612726917822;0.0010059196887585514;0.30807254708584897
596;Burnley;Conservative;C;14620;14620;True;64345;31755;0.46039993701779247;0.0011465304318741733;0.4935115393581475
605;Burton;Labour;L;5951;5951;True;75036;13100;0.4542748091603053;0.00046668964432853666;0.17458286689055919
611;Bury North;Labour;L;7376;7376;True;68802;20292;0.3634930021683422;0.0005784410715118949;0.29493328682305747
614;Bury South;Conservative;C;6352;6352;True;75152;10488;0.6056445461479787;0.0004981368880482045;0.13955716414732808
623;Bury St Edmunds;Labour;L;12503;12503;True;89644;23161;0.5398298864470445;0.0009805109432094931;0.2583664272009281
629;Caerphilly;Labour;L;5792;5792;True;63166;16112;0.35948361469712015;0.0004542205377164988;0.2550739321787037
637;Caithness, Sutherland and Easter Ross;Scottish National Party;SNP;9700;9700;True;0;24903;0.3895113038589728;0.0007606939253884734;inf
639;Calder Valley;Conservative;C;3631;3631;True;79287;13018;0.27892149331694577;0.0002847504786686131;0.1641883284775562
648;Camberwell and Peckham;Labour;L;12643;12643;True;88971;20183;0.6264182728038448;0.0009914900307924196;0.22684919805329826
654;Camborne and Redruth;Labour;L;8779;8779;True;70250;13862;0.6333140960900303;0.0006884672135036503;0.1973238434163701
657;Cambridge;Conservative;C;9789;9789;True;79951;24535;0.3989810474831873;0.0007676734882090481;0.30687546121999726
663;Cannock Chase;Conservative;C;10259;10259;True;74813;14240;0.720435393258427;0.0008045318536660154;0.19034125085212464
672;Canterbury;Labour;L;9490;9490;True;80203;16281;0.5828880289908482;0.0007442252940140839;0.2029973941124397
675;Cardiff Central;Conservative;C;9141;9141;True;64037;22256;0.41072070452911574;0.0007168559971109315;0.34754907319206085
684;Cardiff North;Labour;L;11627;11627;True;68438;19893;0.5844769516915498;0.0009118132237620392;0.2906718489727929
687;Cardiff South and Penarth;Conservative;C;13818;13818;True;78837;29166;0.4737708290475211;0.0010836359444348377;0.3699531945660033
693;Cardiff West;Conservative;C;13001;13001;True;68508;19868;0.6543688343064223;0.0010195651261830456;0.2900099258480761
702;Carlisle;Labour;L;4343;4343;True;65105;11089;0.3916493822707187;0.00034058698123321033;0.17032485984179402
705;Carmarthen East and Dinefwr;Conservative;C;11531;11531;True;57419;28559;0.4037606358766063;0.0009042847065623183;0.49737891638656195
711;Carmarthen West and South Pembrokeshire;Conservative;C;13348;13348;True;59158;29300;0.45556313993174063;0.0010467775789778705;0.49528381622096757
717;Carshalton and Wallington;Conservative;C;14927;14927;True;72941;22525;0.6626859045504995;0.0011706060025024477;0.3088112309949137
723;Castle Point;Conservative;C;1486;1486;True;69608;5414;0.2744735869966753;0.00011653517248734759;0.0777784162739915
729;Central Ayrshire;Conservative;C;7453;7453;True;69742;21080;0.35355787476280837;0.0005844795696825043;0.30225688967910297
736;Central Devon;Conservative;C;12676;12676;True;74926;24415;0.5191890231415114;0.0009940779585798237;0.32585484344553295
745;Central Suffolk and North Ipswich;Labour;L;10795;10795;True;80037;18755;0.5755798453745667;0.0008465660746977908;0.2343291227807139
751;Ceredigion;Labour;L;9410;9410;True;56250;26188;0.35932488162517184;0.000737951529680983;0.46556444444444445
757;Charnwood;Labour;L;7596;7596;True;79534;18432;0.412109375;0.0005956939234279221;0.23174994342042396
760;Chatham and Aylesford;Conservative;C;8386;8386;True;71642;21161;0.39629507112140255;0.0006576473462172926;0.295371430166662
769;Cheadle;Labour;L;9764;9764;True;74577;18894;0.5167778130623478;0.0007657129368549541;0.25334888772677905
772;Chelmsford;Conservative;C;13118;13118;True;80394;23607;0.555682636506121;0.0010287405065202055;0.29364131651615794
778;Chelsea and Fulham;Conservative;C;9375;9375;True;67110;20249;0.46298582646056596;0.0007352067577852514;0.3017285054388318
784;Cheltenham;Conservative;C;12975;12975;True;81044;26733;0.4853551789922568;0.001017526152774788;0.3298578549923498
790;Chesham and Amersham;Conservative;C;3213;3213;True;72542;11129;0.2887051846527091;0.0002519700600281614;0.15341457362631303
796;Chesterfield;Conservative;C;14962;14962;True;71034;23830;0.6278640369282417;0.0011733507743981793;0.3354731537010446
802;Chichester;Conservative;C;10106;10106;True;85499;22130;0.45666516041572525;0.0007925332793789601;0.2588334366483819
808;Chingford and Woodford Green;Conservative;C;12852;12852;True;65393;18120;0.7092715231788079;0.0010078802401126455;0.27709387854969186
817;Chippenham;Labour;L;8470;8470;True;77221;18657;0.45398509942648874;0.0006642347987670485;0.24160526281710934
820;Chipping Barnet;Conservative;C;13641;13641;True;79960;20035;0.680858497629149;0.0010697552408478522;0.2505627813906953
829;Chorley;Labour;L;11992;11992;True;78177;32805;0.3655540313976528;0.0009404372735318117;0.41962469780114353
832;Christchurch;Conservative;C;8775;8775;True;71520;23673;0.37067545304777594;0.0006881535252869953;0.330998322147651
838;Cities Of London and Westminster;Conservative;C;13640;13640;True;0;30962;0.4405400167947807;0.0010696768187936885;inf
844;City Of Chester;Conservative;C;13007;13007;True;0;23031;0.5647605401415483;0.0010200356585080284;inf
850;City Of Durham;Conservative;C;12534;12534;True;0;23522;0.5328628517983165;0.0009829420268885698;inf
856;Clacton;Conservative;C;14015;14015;True;70930;24271;0.5774380948457006;0.0010990850891050986;0.3421824333850275
862;Cleethorpes;Conservative;C;4836;4836;True;73689;11067;0.4369747899159664;0.0003792490539359441;0.15018523795953262
871;Clwyd South;Labour;L;6233;6233;True;53919;14528;0.42903359030837;0.000488804663602717;0.26944119883529
874;Clwyd West;Conservative;C;12102;12102;True;57714;26757;0.45229285794371565;0.0009490636994898253;0.4636136812558478
885;Coatbridge, Chryston and Bellshill;Scottish National Party;SNP;8743;8743;True;0;24953;0.3503787119785196;0.000685644019553755;inf
890;Colchester;Labour;L;9788;9788;True;82625;17919;0.5462358390535186;0.0007675950661548843;0.2168714069591528
896;Colne Valley;Labour;L;9493;9493;True;84174;21180;0.4482058545797923;0.0007444605601765751;0.2516216408867346
902;Congleton;Labour;L;3848;3848;True;80930;7727;0.4979940468487123;0.00030176806442214904;0.09547757321141727
905;Copeland;Conservative;C;13175;13175;True;61693;28126;0.46842778923416056;0.0010332105636075399;0.45590261455918824
911;Corby;Conservative;C;8020;8020;True;86153;21187;0.37853400670222304;0.0006289448743933564;0.24592295102898332
917;Coventry North East;Conservative;C;13576;13576;True;76006;32860;0.4131466828971394;0.0010646578073272078;0.4323342893982054
923;Coventry North West;Conservative;C;8338;8338;True;75247;12581;0.6627454097448533;0.0006538830876174321;0.16719603439339775
929;Coventry South;Conservative;C;5489;5489;True;70979;17695;0.3102006216445323;0.00043045865530487947;0.24929908846278476
935;Crawley;Conservative;C;6926;6926;True;74207;11736;0.5901499659168371;0.0005431511471382028;0.15815219588448529
944;Crewe and Nantwich;Labour;L;11156;11156;True;80321;23034;0.4843275158461405;0.0008748764362509082;0.2867743180488291
948;Croydon Central;Green Party;G;3475;3475;True;81407;10429;0.33320548470610795;0.0002725166382190665;0.12810937634355768
958;Croydon North;UKIP;UKIP;3306;3306;True;88468;9136;0.3618651488616462;0.00025926331106539103;0.10326897861373605
962;Croydon South;Labour;L;4712;4712;True;83982;10642;0.44277391467769217;0.0003695247192196378;0.12671762996832656
965;Cumbernauld, Kilsyth and Kirkintilloch East;Conservative;C;10887;10887;True;0;26694;0.4078444594290852;0.0008537809036808568;inf
972;Cynon Valley;Conservative;C;10198;10198;True;51134;24599;0.41456969795520143;0.000799748108362026;0.4810693472053819
978;Dagenham and Rainham;Conservative;C;14191;14191;True;71045;22174;0.6399837647695499;0.0011128873706379202;0.31211204166373424
987;Darlington;Labour;L;10138;10138;True;66397;14733;0.6881151157266001;0.0007950427851122004;0.22189255538653854
993;Dartford;Labour;L;5466;5466;True;82209;14777;0.36989916762536373;0.000428654948059113;0.17974917588098627
996;Daventry;Conservative;C;11845;11845;True;77423;18280;0.6479759299781181;0.000928909231569739;0.23610555003035275
1005;Delyn;Labour;L;4518;4518;True;54560;10662;0.42374788970174454;0.00035431084071186833;0.19541788856304984
1008;Denton and Reddish;Conservative;C;14088;14088;True;66234;28621;0.49222598791097444;0.001104809899059053;0.4321194552646677
1014;Derby North;Conservative;C;5382;5382;True;73199;14945;0.36012044161927065;0.0004220674955093571;0.20416945586688343
1020;Derby South;Conservative;C;6381;6381;True;73062;14610;0.43675564681724843;0.0005004111276189535;0.1999671511866634
1029;Derbyshire Dales;Labour;L;11962;11962;True;65080;23772;0.5031970385327276;0.0009380846119068989;0.3652735095267363
1032;Devizes;Conservative;C;3428;3428;True;73372;12705;0.26981503345139707;0.0002688308016733698;0.1731586981409802
1038;Dewsbury;Conservative;C;9319;9319;True;81253;21379;0.4358950371860237;0.0007308151227520809;0.2631164387776451
1047;Don Valley;Labour;L;2573;2573;True;75356;8123;0.31675489351224917;0.00020177994536335487;0.10779499973459312
1050;Doncaster Central;Conservative;C;11648;11648;True;71389;22650;0.5142604856512142;0.0009134600868994782;0.31727577077701047
1056;Doncaster North;Conservative;C;4096;4096;True;72362;12801;0.3199750019529724;0.00032121673385476155;0.1769022415079738
1062;Dover;Conservative;C;13250;13250;True;76355;29839;0.44404973357015987;0.001039092217669822;0.39079300635190883
1068;Dudley North;Conservative;C;7087;7087;True;61936;12210;0.5804258804258804;0.0005557770978585682;0.19713898217514855
1077;Dudley South;Labour;L;9924;9924;True;60731;18088;0.5486510393631137;0.0007782604655211557;0.2978380069486753
1080;Dulwich and West Norwood;Conservative;C;8642;8642;True;80331;21591;0.40025936732897965;0.0006777233920832153;0.26877544161033723
1086;Dumfries and Galloway;Conservative;C;13687;13687;True;74580;34315;0.3988634707853708;0.0010733626553393852;0.4601099490480021
1096;Dumfriesshire, Clydesdale and Tweeddale;Labour;L;6395;6395;True;0;14943;0.4279595797363314;0.0005015090363772462;inf
1100;Dundee East;Conservative;C;11290;11290;True;66210;28554;0.3953911886250613;0.000885384991508852;0.4312641594925238
1107;Dundee West;Conservative;C;7752;7752;True;64431;22406;0.34597875569044007;0.0006079277638774686;0.3477518585773929
1114;Dunfermline and West Fife;Conservative;C;11430;11430;True;76652;33875;0.3374169741697417;0.0008963640790917785;0.44193236967071964
1121;Dwyfor Meirionnydd;Conservative;C;10493;10493;True;44362;25442;0.4124282682179074;0.0008228826143403353;0.5735088589333213
1127;Ealing Central and Acton;Conservative;C;11297;11297;True;75510;18551;0.6089698668535389;0.0008859339458879985;0.24567606939478215
1133;Ealing North;Conservative;C;6156;6156;True;74473;15609;0.3943878531616375;0.0004827661654321075;0.2095927383078431
1142;Ealing, Southall;Labour;L;8266;8266;True;0;19930;0.41475163070747617;0.0006482366997176414;inf
1148;Easington;Labour;L;4351;4351;True;61182;10804;0.40272121436505;0.00034121435766652043;0.1765878853257494
1151;East Antrim;Conservative;C;14144;14144;True;64830;32377;0.4368533218025141;0.0011092015340922236;0.49941385161190804
1157;East Devon;Conservative;C;12825;12825;True;87168;27226;0.4710570777932858;0.001005762844650224;0.3123393906020558
1163;East Dunbartonshire;Conservative;C;8301;8301;True;66075;25037;0.3315493070256021;0.000650981471613373;0.3789178963299281
1173;East Ham;Labour;L;7303;7303;True;88319;10873;0.6716637542536559;0.0005727162615579404;0.12311054246538118
1176;East Hampshire;Conservative;C;10391;10391;True;76478;18055;0.5755192467460537;0.0008148835648156317;0.2360809644603677
1182;East Kilbride, Strathaven and Lesmahagow;Conservative;C;14653;14653;True;0;28361;0.5166602023906068;0.0011491183596615774;inf
1189;East Londonderry;Conservative;C;14728;14728;True;69246;29610;0.4973995271867612;0.0011550000137238595;0.42760592669612685
1198;East Lothian;Labour;L;5389;5389;True;81600;23598;0.22836681074667345;0.00042261644988850347;0.28919117647058823
1202;East Renfrewshire;Conservative;C;5315;5315;True;72232;15073;0.35261726265507864;0.0004168132178803852;0.20867482556207775
1212;East Surrey;Labour;L;7568;7568;True;83148;16413;0.46109791019313956;0.0005934981059113368;0.19739500649444364
1218;East Worthing and Shoreham;Labour;L;9128;9128;True;75194;15542;0.5873118002831038;0.0007158365104068026;0.20669202329973135
1224;East Yorkshire;Labour;L;8951;8951;True;80923;15094;0.5930170928845899;0.0007019558068198171;0.1865229909914363
1227;Eastbourne;Conservative;C;2942;2942;True;79307;10996;0.26755183703164787;0.00023071768334978235;0.13865106484925668
1233;Eastleigh;Conservative;C;5653;5653;True;83880;16043;0.3523655176712585;0.0004433198721877361;0.19126132570338578
1239;Eddisbury;Conservative;C;5008;5008;True;73700;15903;0.3149091366408854;0.00039273764725211084;0.21578018995929443
1245;Edinburgh East;Conservative;C;13999;13999;True;69424;29442;0.4754772094287073;0.0010978303362384784;0.4240896519935469
1257;Edinburgh North and Leith;Scottish National Party;SNP;9719;9719;True;81336;24483;0.3969693256545358;0.0007621839444175849;0.30101062260253764
1259;Edinburgh South;Conservative;C;11717;11717;True;66188;32112;0.364879172894868;0.0009188712086367777;0.48516347374146374
1271;Edinburgh South West;Scottish National Party;SNP;6488;6488;True;73501;19904;0.3259646302250804;0.0005088022874144758;0.27079903674779937
1273;Edinburgh West;Conservative;C;6067;6067;True;72507;16991;0.35707139073627214;0.00047578660261153285;0.23433599514529632
1280;Edmonton;Conservative;C;8154;8154;True;65747;19098;0.42695570216776624;0.0006394534296513002;0.2904771320364427
1286;Ellesmere Port and Neston;Conservative;C;13152;13152;True;70327;22979;0.5723486661734627;0.0010314068563617735;0.3267450623515862
1292;Elmet and Rothwell;Conservative;C;13703;13703;True;80957;27092;0.5057950686549535;0.0010746174082060054;0.3346467878009314
1301;Eltham;Labour;L;12690;12690;True;64086;24230;0.5237309120924474;0.0009951758673381163;0.3780856973441937
1304;Enfield North;Conservative;C;7917;7917;True;68301;17477;0.45299536533730045;0.0006208674028144891;0.2558820515072986
1313;Enfield, Southgate;Labour;L;7334;7334;True;0;13196;0.5557744771142771;0.000575147345237017;inf
1316;Epping Forest;Conservative;C;8906;8906;True;74304;19209;0.4636368368993701;0.0006984268143824479;0.2585190568475452
1322;Epsom and Ewell;Conservative;C;8621;8621;True;81138;21831;0.3948971645824745;0.0006760765289457762;0.2690601197959033
1331;Erewash;Labour;L;10879;10879;True;72523;23566;0.4616396503437155;0.0008531535272475467;0.32494518980185594
1337;Erith and Thamesmead;Labour;L;7929;7929;True;65399;18425;0.4303392130257802;0.0006218084674644543;0.2817321365770119
1340;Esher and Walton;Conservative;C;4452;4452;True;81184;13199;0.3372982801727404;0.00034913498513706017;0.16258129680725267
1346;Exeter;Conservative;C;7632;7632;True;82054;14363;0.5313653136531366;0.0005985171173778174;0.17504326419187363
1352;Falkirk;Conservative;C;9267;9267;True;84472;17639;0.5253699189296446;0.0007267371759355654;0.2088147551851501
1359;Fareham;Conservative;C;5714;5714;True;78337;10887;0.524846146780564;0.0004481036174917255;0.1389764734416687
1365;Faversham and Mid Kent;Conservative;C;7259;7259;True;73403;15983;0.4541700556841644;0.000569265691174735;0.21774314401318748
1371;Feltham and Heston;Conservative;C;9809;9809;True;80934;19115;0.5131572063824221;0.0007692419292923233;0.23618009736328366
1377;Fermanagh and South Tyrone;Conservative;C;11283;11283;True;72848;16533;0.6824532752676465;0.0008848360371297057;0.22695200966395784
1383;Filton and Bradley Stoke;Conservative;C;12120;12120;True;74016;32035;0.3783361947869518;0.000950475296464773;0.4328118244703848
1389;Finchley and Golders Green;Conservative;C;7931;7931;True;77573;16896;0.4694010416666667;0.0006219653115727817;0.21780774238459258
1395;Folkestone and Hythe;Conservative;C;8901;8901;True;88272;12819;0.6943599344722677;0.0006980347041116291;0.1452215878194671
1401;Forest Of Dean;Conservative;C;11090;11090;True;0;25968;0.427064078866297;0.0008697005806761;inf
1410;Foyle;Labour;L;11872;11872;True;74346;27138;0.4374677573881642;0.0009310266270321605;0.36502300056492615
1416;Fylde;Labour;L;12597;12597;True;66847;30109;0.4183798864127005;0.0009878826163008867;0.45041662303469115
1419;Gainsborough;Conservative;C;9918;9918;True;76343;19182;0.5170472317797935;0.0007777899331961732;0.25126075737133724
1425;Garston and Halewood;Conservative;C;7593;7593;True;76116;16802;0.45191048684680396;0.0005954586572654308;0.22074202532975984
1431;Gateshead;Conservative;C;7725;7725;True;64449;16440;0.4698905109489051;0.0006058103684150472;0.25508541637573895
1437;Gedling;Conservative;C;7572;7572;True;71366;16490;0.45918738629472405;0.0005938117941279919;0.23106241067174846
1443;Gillingham and Rainham;Conservative;C;13129;13129;True;73549;24351;0.5391565028130262;0.001029603149116007;0.3310853988497464
1449;Glasgow Central;Conservative;C;6519;6519;True;69230;22601;0.2884385646652803;0.0005112333710935524;0.3264625162501806
1461;Glasgow East;Scottish National Party;SNP;6459;6459;True;67381;18229;0.3543255252619453;0.0005065280478437268;0.27053620456805333
1468;Glasgow North;Scottish National Party;SNP;8191;8191;True;57130;30708;0.2667383092353784;0.0006423550456553594;0.5375109399614914
1470;Glasgow North East;Conservative;C;9455;9455;True;61075;23837;0.39665226328816544;0.0007414805221183522;0.39029062627916494
1482;Glasgow North West;Scottish National Party;SNP;9096;9096;True;63402;24468;0.37175085826385484;0.0007133270046735624;0.3859184252862686
1484;Glasgow South;Conservative;C;9969;9969;True;70891;23422;0.4256254803176501;0.0007817894579585249;0.3303945493786235
1491;Glasgow South West;Conservative;C;4425;4425;True;64575;19519;0.22670218761207028;0.0003470175896746387;0.30226867982965544
1498;Glenrothes;Conservative;C;14018;14018;True;65672;19864;0.7056987515102698;0.0010993203552675899;0.3024728956023876
1508;Gloucester;Labour;L;10924;10924;True;81319;25766;0.4239695723045874;0.0008566825196849159;0.3168509204490955
1511;Gordon;Conservative;C;6602;6602;True;79629;20703;0.31889098198328747;0.0005177424015891445;0.2599932185510304
1521;Gosport;Labour;L;10709;10709;True;73541;19621;0.545792773049284;0.0008398217780397075;0.26680355176024256
1524;Gower;Conservative;C;9119;9119;True;61762;21503;0.4240803608798772;0.0007151307119193288;0.34815906220653475
1533;Grantham and Stamford;Labour;L;12111;12111;True;81502;16981;0.713208880513515;0.0009497694979772992;0.20835071531986946
1536;Gravesham;Conservative;C;11033;11033;True;73242;22464;0.4911413817663818;0.0008652305235887657;0.30670926517571884
1542;Great Grimsby;Conservative;C;5456;5456;True;61409;13161;0.4145581642732315;0.00042787072751747536;0.2143171196404436
1548;Great Yarmouth;Conservative;C;3838;3838;True;71957;7429;0.5166240409207161;0.0003009838438805115;0.10324221410008755
1554;Greenwich and Woolwich;Conservative;C;12778;12778;True;79997;23562;0.5423138952550717;0.0010020770081045271;0.2945360451016913
1563;Guildford;Labour;L;7808;7808;True;77729;13367;0.5841250841624898;0.0006123193989106393;0.17196927787569632
1569;Hackney North and Stoke Newington;Labour;L;10112;10112;True;92462;25036;0.4038983863236939;0.0007930038117039426;0.2707706949882114
1572;Hackney South and Shoreditch;Conservative;C;12954;12954;True;89387;20743;0.6244998312683797;0.001015879289637349;0.23205835300435187
1581;Halesowen and Rowley Regis;Labour;L;11632;11632;True;68300;22970;0.5063996517196343;0.000912205334032858;0.3363103953147877
1584;Halifax;Conservative;C;13559;13559;True;71887;25005;0.542251549690062;0.001063324632406424;0.3478375784216896
1590;Haltemprice and Howden;Conservative;C;11579;11579;True;71083;20193;0.5734165304808597;0.0009080489651621788;0.2840763614366304
1596;Halton;Conservative;C;14134;14134;True;71930;33257;0.4249932345070211;0.0011084173135505859;0.4623522869456416
1605;Hammersmith;Labour;L;7170;7170;True;74759;18736;0.3826857386848847;0.0005622861283541603;0.25061865461014726
1611;Hampstead and Kilburn;Labour;L;11537;11537;True;86571;15931;0.7241855501851736;0.0009047552388873008;0.18402236314701229
1614;Harborough;Conservative;C;14464;14464;True;80151;27164;0.5324694448534826;0.0011342965914246269;0.3389103067959227
1623;Harlow;Labour;L;12586;12586;True;68078;25909;0.485777143077695;0.0009870199737050853;0.3805781603454861
1626;Harrogate and Knaresborough;Conservative;C;12131;12131;True;77941;22111;0.548640947944462;0.0009513379390605743;0.2836889442013831
1632;Harrow East;Conservative;C;10567;10567;True;72106;13547;0.7800250978076327;0.0008286858463484535;0.1878761822871883
1638;Harrow West;Conservative;C;12647;12647;True;72464;25822;0.4897761598636821;0.0009918037190090746;0.3563424597041289
1647;Hartlepool;Labour;L;5834;5834;True;70855;12924;0.4514082327452801;0.00045751426399137673;0.18240067743984192
1653;Harwich and North Essex;Labour;L;10853;10853;True;74153;16734;0.648559818333931;0.0008511145538392889;0.22566855015980472
1656;Hastings and Rye;Conservative;C;13134;13134;True;80524;20712;0.634125144843569;0.0010299952593868257;0.25721524017684166
1665;Havant;Labour;L;9029;9029;True;72103;17804;0.5071332284879803;0.0007080727270445904;0.246924538507413
1668;Hayes and Harlington;Conservative;C;9600;9600;True;72357;18321;0.5239888652366137;0.0007528517199720975;0.25320286910734274
1677;Hazel Grove;Labour;L;8951;8951;True;63346;20727;0.4318521734935109;0.0007019558068198171;0.3272029804565403
1680;Hemel Hempstead;Conservative;C;9844;9844;True;74035;22427;0.43893521202122443;0.0007719867011880549;0.3029242925643277
1689;Hemsworth;Labour;L;12998;12998;True;73726;17926;0.7250920450741939;0.0010193298600205544;0.24314353145430379
1692;Hendon;Conservative;C;13944;13944;True;82661;21681;0.6431437664314377;0.0010935171232594714;0.2622881407193235
1698;Henley;Conservative;C;8518;8518;True;76646;15234;0.559144019955363;0.0006679990573669089;0.19875792604963077
1707;Hereford and South Herefordshire;Labour;L;11687;11687;True;72085;18438;0.6338539971797374;0.0009165185470118649;0.2557813692168967
1710;Hertford and Stortford;Conservative;C;5638;5638;True;81765;12972;0.4346284304656183;0.0004421435413752797;0.15864978902953586
1716;Hertsmere;Conservative;C;5663;5663;True;73971;17296;0.32741674375578167;0.00044410409272937373;0.23382136242581553
1722;Hexham;Conservative;C;12602;12602;True;61324;24178;0.5212176358673174;0.0009882747265717055;0.394266518818081
1731;Heywood and Middleton;Labour;L;11876;11876;True;80162;28190;0.42128414331323166;0.0009313403152488156;0.3516628826626082
1737;High Peak;Labour;L;5555;5555;True;74265;18944;0.2932326858108108;0.00043563451087968763;0.25508651450885345
1740;Hitchin and Harpenden;Conservative;C;9810;9810;True;76323;22422;0.4375167246454375;0.000769320351346487;0.293777760308164
1746;Holborn and St Pancras;Conservative;C;14000;14000;True;86061;17462;0.8017409231474057;0.001097908758292642;0.20290259234728855
1752;Hornchurch and Upminster;Conservative;C;14059;14059;True;80765;26121;0.5382259484705793;0.001102535659488304;0.3234197981799047
1763;Hornsey and Wood Green;UKIP;UKIP;3436;3436;True;81814;12821;0.26799781608298884;0.0002694581781066799;0.15670912068839074
1764;Horsham;Conservative;C;4200;4200;True;86730;13467;0.311873468478503;0.0003293726274877926;0.1552749913524732
1770;Houghton and Sunderland South;Conservative;C;5944;5944;True;68835;11266;0.5276051837386828;0.00046614068994939035;0.16366673930413309
1776;Hove;Conservative;C;5308;5308;True;74313;14892;0.35643298415256514;0.00041626426350123885;0.20039562391506197
1785;Huddersfield;Labour;L;6415;6415;True;65525;15149;0.4234602944088719;0.0005030774774605213;0.23119420068676078
1788;Huntingdon;Conservative;C;14690;14690;True;84657;31230;0.47038104386807555;0.0011520199756656366;0.3689003862645735
1797;Hyndburn;Labour;L;5273;5273;True;70842;12542;0.4204273640567693;0.0004135194916055073;0.17704186781852574
1800;Ilford North;Conservative;C;4270;4270;True;72973;14647;0.2915272752099406;0.0003348621712792558;0.20071807380812082
1806;Ilford South;Conservative;C;5880;5880;True;84972;14674;0.4007087365408205;0.00046112167848290966;0.17269218095372593
1812;Inverclyde;Conservative;C;13618;13618;True;60622;35991;0.3783723708704954;0.0010679515336020856;0.5936953581208142
1822;Inverness, Nairn, Badenoch and Strathspey;Labour;L;5187;5187;True;0;15545;0.33367642328723063;0.0004067751949474239;inf
1829;Ipswich;Labour;L;10686;10686;True;75525;22825;0.468170865279299;0.000838018070793941;0.30221780867262493
1835;Isle Of Wight;Labour;L;12935;12935;True;0;22080;0.5858242753623188;0.0010143892706082375;inf
1841;Islington North;Labour;L;8260;8260;True;75162;16817;0.49116964975917227;0.0006477661673926588;0.2237433809637849
1847;Islington South and Finsbury;Labour;L;9722;9722;True;70489;18937;0.5133864920525955;0.0007624192105800761;0.2686518463873796
1853;Islwyn;Labour;L;10143;10143;True;55423;21659;0.4683041691675516;0.0007954348953830192;0.39079443552315823
1859;Jarrow;Labour;L;11164;11164;True;65103;21593;0.517019404436623;0.0008755038126842183;0.331674423605671
1865;Keighley;Labour;L;8636;8636;True;72778;21117;0.4089596060046408;0.0006772528597582326;0.2901563659347605
1871;Kenilworth and Southam;Labour;L;8709;8709;True;68154;15057;0.5784020721259215;0.0006829776697121872;0.2209261378642486
1877;Kensington;Labour;L;3961;3961;True;64609;10053;0.3940117377897145;0.000310629756542654;0.1555975173737405
1883;Kettering;Labour;L;12662;12662;True;73164;19858;0.6376271527847719;0.000992980049821531;0.2714176370892789
1886;Kilmarnock and Loudoun;Conservative;C;6733;6733;True;74517;11971;0.5624425695430624;0.000528015690684597;0.16064790584698793
1896;Kingston and Surbiton;Labour;L;11526;11526;True;81975;26597;0.43335714554273036;0.0009038925962914995;0.3244525770051845
1899;Kingston upon Hull East;Conservative;C;7774;7774;True;65745;15769;0.49299258037922505;0.0006096530490690714;0.23985093923492282
1905;Kingston upon Hull North;Conservative;C;13560;13560;True;65515;29126;0.46556341413170366;0.0010634030544605876;0.4445699458139357
1914;Kingston upon Hull West and Hessle;Labour;L;9589;9589;True;60192;20206;0.4745620112837771;0.0007519890773762961;0.33569245082402976
1917;Kingswood;Conservative;C;14340;14340;True;68972;33606;0.426709516157829;0.0011245722567083205;0.48724119932726323
1923;Kirkcaldy and Cowdenbeath;Conservative;C;8395;8395;True;72853;23500;0.35723404255319147;0.0006583531447047665;0.3225673616735069
1933;Knowsley;Labour;L;7631;7631;True;84082;17114;0.44589225195746174;0.0005984386953236537;0.20353940201232132
1936;Lagan Valley;Conservative;C;13482;13482;True;75735;26829;0.5025159342502515;0.0010572861342358143;0.3542483660130719
1942;Lanark and Hamilton East;Conservative;C;7152;7152;True;77659;19760;0.36194331983805667;0.0005608745313792126;0.25444571781763864
1952;Lancaster and Fleetwood;Labour;L;12819;12819;True;70059;27826;0.46068425213828795;0.0010052923123252413;0.39717952011875707
1955;Leeds Central;Conservative;C;12134;12134;True;90971;21110;0.5747986736144007;0.0009515732052230657;0.23205197260665486
1961;Leeds East;Conservative;C;9399;9399;True;67286;16775;0.5602980625931445;0.0007370888870851817;0.24930892013197395
1970;Leeds North East;Labour;L;3650;3650;True;70580;10365;0.35214664737095996;0.00028624049769772456;0.1468546330405214
1973;Leeds North West;Conservative;C;11230;11230;True;67741;24459;0.4591356964716464;0.0008806796682590264;0.36106641472667955
1979;Leeds West;Conservative;C;10855;10855;True;67727;18690;0.5807918673087212;0.0008512713979476164;0.2759608427953401
1988;Leicester East;Labour;L;4425;4425;True;78433;8702;0.5085037922316709;0.0003470175896746387;0.11094819782489514
1991;Leicester South;Conservative;C;13436;13436;True;77708;31330;0.42885413341844875;0.0010536787197442813;0.40317599217583777
1997;Leicester West;Conservative;C;14553;14553;True;64940;20467;0.7110470513509553;0.0011412761542452016;0.31516784724360947
2003;Leigh;Conservative;C;5345;5345;True;77417;11010;0.4854677565849228;0.000419165879505298;0.1422168257617836
2009;Lewes;Conservative;C;6633;6633;True;71503;15694;0.4226455970434561;0.0005201734852682211;0.21948729423940255
2018;Lewisham East;Labour;L;12757;12757;True;67857;22499;0.5670029779101293;0.0010004301449670883;0.3315649085577022
2024;Lewisham West and Penge;Labour;L;9337;9337;True;74617;17999;0.5187510417245402;0.0007322267197270285;0.24121848908425694
2027;Lewisham, Deptford;Conservative;C;5909;5909;True;0;14459;0.40867279894875164;0.0004633959180536587;inf
2033;Leyton and Wanstead;Conservative;C;12058;12058;True;64852;30840;0.3909857328145266;0.0009456131291066199;0.4755443162893974
2042;Lichfield;Labour;L;6698;6698;True;76616;16335;0.4100397918579737;0.0005252709187888655;0.21320611882635482
2045;Lincoln;Conservative;C;9415;9415;True;74942;15716;0.5990710104352253;0.0007383436399518018;0.2097088415040965
2056;Linlithgow and East Falkirk;Scottish National Party;SNP;6949;6949;True;87044;16623;0.4180352523611863;0.0005449548543839692;0.19097238178392537
2061;Liverpool, Riverside;Labour;L;6285;6285;True;0;14142;0.4444208739923632;0.0004928826104192326;inf
2064;Liverpool, Walton;Conservative;C;6259;6259;True;0;10689;0.5855552437084853;0.0004908436370109748;inf
2070;Liverpool, Wavertree;Conservative;C;8100;8100;True;0;15497;0.5226818093824611;0.0006352186387264573;inf
2079;Liverpool, West Derby;Labour;L;3408;3408;True;0;13302;0.25620207487595853;0.0002672623605900946;inf
2082;Livingston;Conservative;C;11516;11516;True;82285;21903;0.5257727251974615;0.0009031083757498619;0.26618460229689495
2092;Llanelli;Labour;L;11912;11912;True;60518;29243;0.40734534760455493;0.0009341635091987109;0.4832116064641925
2098;Loughborough;Labour;L;5361;5361;True;79764;13582;0.39471359151818586;0.00042042063237191814;0.17027731808836066
2101;Louth and Horncastle;Conservative;C;14470;14470;True;79634;23198;0.6237606690231916;0.0011347671237496094;0.29130773287791645
2107;Ludlow;Conservative;C;8113;8113;True;69444;19186;0.4228604190555613;0.0006362381254305861;0.27628016819307644
2113;Luton North;Conservative;C;8428;8428;True;68185;16486;0.5112216426058473;0.0006609410724921705;0.24178338344210604
2122;Luton South;Labour;L;9176;9176;True;69338;21598;0.42485415316232983;0.0007196007690066632;0.31148864980241714
2128;Macclesfield;Labour;L;11224;11224;True;76216;18307;0.6130988146610586;0.0008802091359340439;0.2401989083656975
2131;Maidenhead;Conservative;C;9062;9062;True;76668;18291;0.4954349133453611;0.0007106606548319945;0.23857411175457818
2137;Maidstone and The Weald;Conservative;C;4244;4244;True;76109;11628;0.36498108015135877;0.00033282319787099806;0.15278088005360732
2143;Makerfield;Conservative;C;12101;12101;True;74190;29067;0.4163140330959507;0.0009489852774356615;0.39179134654266073
2152;Maldon;Labour;L;10790;10790;True;72438;16777;0.6431423973296775;0.000846173964426972;0.231604958723322
2155;Manchester Central;Conservative;C;5477;5477;True;92247;17580;0.311547212741752;0.00042951759065491433;0.1905753032618947
2164;Manchester, Gorton;Labour;L;9357;9357;True;0;17217;0.5434744729046872;0.0007337951608103037;inf
2170;Manchester, Withington;Labour;L;11836;11836;True;0;19437;0.6089417091114884;0.0009282034330822651;inf
2173;Mansfield;Conservative;C;11888;11888;True;77131;26463;0.4492310017760647;0.0009322813798987807;0.3430916233421063
2184;Meon Valley;UKIP;UKIP;2820;2820;True;75737;8258;0.3414870428675224;0.00022115019274180362;0.10903521396411266
2185;Meriden;Conservative;C;6702;6702;True;85368;11550;0.5802597402597403;0.0005255846070055206;0.1352965982569581
2191;Merthyr Tydfil and Rhymney;Conservative;C;5651;5651;True;56322;12550;0.4502788844621514;0.0004431630280794086;0.22282589396683355
2197;Mid Bedfordshire;Conservative;C;11531;11531;True;87795;21986;0.5244701173474029;0.0009042847065623183;0.25042428384304344
2206;Mid Derbyshire;Labour;L;12123;12123;True;67442;24077;0.503509573451842;0.0009507105626272643;0.35700305447643904
2209;Mid Dorset and North Poole;Conservative;C;13192;13192;True;65427;26480;0.4981873111782477;0.001034543738528324;0.4047258776957525
2215;Mid Norfolk;Conservative;C;4099;4099;True;82203;7410;0.5531713900134952;0.00032145200001725287;0.09014269552206124
2221;Mid Sussex;Conservative;C;11365;11365;True;85146;23676;0.4800219631694543;0.0008912666455711341;0.27806356141216265
2227;Mid Ulster;Conservative;C;10336;10336;True;70449;19588;0.5276700020420666;0.0008105703518366249;0.2780451106474187
2233;Mid Worcestershire;Conservative;C;10027;10027;True;78220;23012;0.4357291847731618;0.000786337937100023;0.29419585783687036
2239;Middlesbrough;Conservative;C;13049;13049;True;60764;28543;0.45716988403461445;0.0010233293847829062;0.46973536962675266
2248;Middlesbrough South and East Cleveland;Labour;L;3986;3986;True;72348;12916;0.308609476618148;0.00031259030789674793;0.1785260131586222
2251;Midlothian;Conservative;C;11647;11647;True;70544;23442;0.4968432727582971;0.0009133816648453144;0.3323032433658426
2258;Milton Keynes North;Conservative;C;12943;12943;True;91545;25469;0.5081864227099612;0.0010150166470415476;0.2782129007591895
2267;Milton Keynes South;Labour;L;10534;10534;True;96363;17991;0.5855149797120782;0.0008260979185610494;0.1867002895302139
2273;Mitcham and Morden;Labour;L;10569;10569;True;70021;24073;0.4390395879200764;0.000828842690456781;0.34379686094171746
2276;Mole Valley;Conservative;C;7629;7629;True;74665;17450;0.4371919770773639;0.0005982818512153262;0.23371057389673877
2282;Monmouth;Conservative;C;14977;14977;True;67098;30552;0.49021340665095575;0.0011745271052106359;0.4553339890905839
2291;Montgomeryshire;Labour;L;4702;4702;True;48997;12463;0.37727673914787774;0.0003687404986780002;0.25436251199053
2294;Moray;Conservative;C;10278;10278;True;71035;32806;0.3132963482289825;0.0008060218726951269;0.4618286760047864
2304;Morecambe and Lunesdale;Labour;L;9697;9697;True;67397;24854;0.3901585257906172;0.0007604586592259822;0.3687701232992566
2310;Morley and Outwood;Labour;L;4829;4829;True;78803;12843;0.3760024916296815;0.00037870009955679775;0.16297602883138967
2318;Motherwell and Wishaw;Scottish National Party;SNP;9774;9774;True;68856;21614;0.45220690293328397;0.0007664971573965917;0.31390147554316256
2325;Na h-Eileanan An Iar;Scottish National Party;SNP;7433;7433;True;0;21166;0.35117641500519703;0.0005829111285992292;inf
2330;Neath;Labour;L;11130;11130;True;56419;20651;0.5389569512372282;0.0008728374628426505;0.3660291745688509
2336;New Forest East;Labour;L;12751;12751;True;73549;26068;0.4891437778118766;0.0009999596126421056;0.35443037974683544
2339;New Forest West;Conservative;C;13038;13038;True;70869;23679;0.5506144685164069;0.0010224667421871048;0.33412352368454473
2348;Newark;Labour;L;8275;8275;True;75850;18285;0.4525567404976757;0.0006489424982051152;0.24106789716545815
2354;Newbury;Labour;L;4534;4534;True;83414;13755;0.329625590694293;0.0003555655935784885;0.16490037643561034
2358;Newcastle Upon Tyne Central;Green Party;G;2920;2920;True;0;8664;0.33702677746999077;0.00022899239815817962;inf
2363;Newcastle Upon Tyne East;Conservative;C;10116;10116;True;0;24444;0.41384388807069217;0.0007933174999205976;inf
2372;Newcastle Upon Tyne North;Labour;L;8107;8107;True;0;18798;0.4312692839663794;0.0006357675931056036;inf
2375;Newcastle-Under-Lyme;Conservative;C;13159;13159;True;0;25925;0.507579556412729;0.00103195581074092;inf
2381;Newport East;Conservative;C;8560;8560;True;58554;22131;0.38678776377027696;0.0006712927836417869;0.3779588072548417
2390;Newport West;Labour;L;12957;12957;True;66657;17945;0.7220395653385344;0.0010161145557998402;0.2692140360352251
2396;Newry and Armagh;Labour;L;9323;9323;True;81226;23969;0.38896074095706956;0.0007311288109687359;0.29509024204072587
2402;Newton Abbot;Labour;L;5898;5898;True;72529;14011;0.420954963956891;0.00046253327545785737;0.1931779012532918
2408;Normanton, Pontefract and Castleford;Labour;L;9417;9417;True;0;16642;0.5658574690542002;0.0007385004840601293;inf
2414;North Antrim;Labour;L;6844;6844;True;77134;11316;0.6048073524213503;0.0005367205386967744;0.14670573288044184
2417;North Ayrshire and Arran;Conservative;C;7250;7250;True;73534;16415;0.441669204995431;0.0005685598926872611;0.22323007044360432
2424;North Cornwall;Conservative;C;14502;14502;True;69935;26080;0.556058282208589;0.0011372766294828497;0.37291770930149426
2430;North Devon;Conservative;C;7095;7095;True;75859;15855;0.4474929044465468;0.0005564044742918783;0.20900618252283842
2436;North Dorset;Conservative;C;9668;9668;True;76765;15084;0.6409440466719702;0.0007581844196552332;0.196495798866671
2445;North Down;Labour;L;10724;10724;True;67099;18580;0.5771797631862218;0.0008409981088521639;0.276904275771621
2448;North Durham;Conservative;C;14563;14563;True;66796;21275;0.684512338425382;0.001142060374786839;0.31850709623330736
2457;North East Bedfordshire;Labour;L;8107;8107;True;90678;16215;0.4999691643539932;0.0006357675931056036;0.1788195593197909
2460;North East Cambridgeshire;Conservative;C;6152;6152;True;83699;11065;0.5559873474920922;0.00048245247721545245;0.13219990680892243
2469;North East Derbyshire;Labour;L;3832;3832;True;72345;6739;0.5686303605876243;0.0003005133115555289;0.09315087428294976
2472;North East Fife;Conservative;C;7009;7009;True;60905;21743;0.3223566205215472;0.0005496601776337949;0.35699860438387654
2482;North East Hampshire;Labour;L;10997;10997;True;78954;16066;0.6844889829453504;0.0008624073296388704;0.20348557387846086
2485;North East Hertfordshire;Conservative;C;10263;10263;True;76123;24597;0.4172460056104403;0.0008048455418826705;0.3231217897350341
2491;North East Somerset;Conservative;C;8018;8018;True;73692;24873;0.3223575764885619;0.0006287880302850288;0.33752646148835697
2497;North Herefordshire;Conservative;C;9611;9611;True;70252;19102;0.5031410323526332;0.0007537143625678988;0.27190684962705686
2506;North Norfolk;Labour;L;11203;11203;True;70729;27235;0.41134569487791445;0.0008785622727966049;0.38506129027697267
2509;North Shropshire;Conservative;C;13015;13015;True;83258;27380;0.47534696859021186;0.0010206630349413384;0.32885728698743666
2520;North Somerset;UKIP;UKIP;2632;2632;True;80194;8890;0.29606299212598425;0.00020640684655901672;0.11085617377858693
2521;North Swindon;Conservative;C;13353;13353;True;82441;18294;0.7299114463758609;0.0010471696892486893;0.22190414963428393
2527;North Thanet;Conservative;C;14982;14982;True;72756;26561;0.5640600880990927;0.0011749192154814545;0.36506954752872617
2533;North Tyneside;Conservative;C;11360;11360;True;78902;22021;0.5158712138413333;0.0008908745353003153;0.2790930521406301
2539;North Warwickshire;Conservative;C;13384;13384;True;70271;26148;0.5118555912498087;0.0010496007729277658;0.3721022897069915
2545;North West Cambridgeshire;Conservative;C;11831;11831;True;94909;19102;0.6193592294000628;0.0009278113228114464;0.20126647630888536
2551;North West Durham;Conservative;C;14061;14061;True;72166;27145;0.5179959476883403;0.0011026925035966314;0.37614666186292717
2557;North West Hampshire;Conservative;C;12422;12422;True;83083;28821;0.43100516984143505;0.0009741587568222286;0.34689406978563603
2563;North West Leicestershire;Conservative;C;6678;6678;True;78935;13494;0.4948866162738995;0.0005237024777055903;0.1709507822892253
2569;North West Norfolk;Conservative;C;12355;12355;True;72080;28569;0.4324617592495362;0.0009689044791932566;0.39635127635960044
2575;North Wiltshire;Conservative;C;9107;9107;True;73280;14650;0.6216382252559727;0.0007141896472693637;0.19991812227074235
2581;Northampton North;Conservative;C;12557;12557;True;58768;24714;0.5080925791049608;0.0009847457341343362;0.4205349850258644
2587;Northampton South;Conservative;C;12295;12295;True;62163;24404;0.5038108506802164;0.000964199155943431;0.3925807956501456
2596;Norwich North;Labour;L;7211;7211;True;67172;17587;0.41001876385966907;0.0005655014325748744;0.26182040135770857
2599;Norwich South;Conservative;C;13828;13828;True;77845;23368;0.5917494008901061;0.0010844201649764754;0.30018626758301753
2608;Nottingham East;Labour;L;7666;7666;True;66262;19068;0.40203482273966856;0.0006011834672193853;0.28776674413691106
2611;Nottingham North;Conservative;C;14048;14048;True;66495;20487;0.6857031288133939;0.0011016730168925026;0.3080983532596436
2617;Nottingham South;Conservative;C;10726;10726;True;79485;17834;0.6014354603566222;0.0008411549529604913;0.22436937787003838
2626;Nuneaton;Labour;L;10926;10926;True;70226;27315;0.4;0.0008568393637932434;0.38895850539686155
2629;Ochil and South Perthshire;Conservative;C;11791;11791;True;78776;23438;0.5030719344653981;0.0009246744406448959;0.2975271656342033
2636;Ogmore;Conservative;C;9746;9746;True;57581;20315;0.4797440315038149;0.0007643013398800064;0.35280734964658483
2642;Old Bexley and Sidcup;Conservative;C;6336;6336;True;66104;10351;0.61211477151966;0.0004968821351815843;0.1565865908265763
2648;Oldham East and Saddleworth;Conservative;C;14897;14897;True;72120;28899;0.5154849648776775;0.001168253340877535;0.4007071547420965
2654;Oldham West and Royton;Conservative;C;6808;6808;True;72999;16145;0.42167853824713536;0.0005338973447468791;0.22116741325223632
2665;Orkney and Shetland;Scottish National Party;SNP;9064;9064;True;34211;22398;0.40467898919546386;0.000710817498940322;0.6547017041302505
2667;Orpington;Conservative;C;9629;9629;True;68877;22525;0.427480577136515;0.0007551259595428465;0.3270322458875967
2676;Oxford East;Labour;L;11192;11192;True;78303;24837;0.4506180295526835;0.0008776996302008036;0.3171909122255852
2682;Oxford West and Abingdon;Labour;L;9456;9456;True;76951;13185;0.7171786120591581;0.000741558944172516;0.17134280256266976
2685;Paisley and Renfrewshire North;Conservative;C;8836;8836;True;72007;15379;0.5745497106443852;0.0006929372705909846;0.21357645784437623
2697;Paisley and Renfrewshire South;Scottish National Party;SNP;8476;8476;True;64385;15650;0.5415974440894569;0.000664705331092031;0.24306903781936787
2699;Pendle;Conservative;C;10040;10040;True;65292;20073;0.5001743635729587;0.0007873574238041519;0.3074342951663297
2708;Penistone and Stocksbridge;Labour;L;5720;5720;True;70925;13516;0.42320213080793134;0.00044857414981670806;0.19056750088121255
2711;Penrith and The Border;Conservative;C;13717;13717;True;67555;21439;0.6398152898922524;0.001075715316964298;0.31735622825845605
2717;Perth and North Perthshire;Conservative;C;11696;11696;True;72600;18500;0.6322162162162163;0.0009172243454993387;0.2548209366391185
2727;Peterborough;Labour;L;9735;9735;True;72560;20797;0.46809636005193056;0.0007634386972842051;0.28661797133406836
2733;Plymouth, Moor View;Labour;L;9055;9055;True;0;20694;0.4375664443800135;0.0007101117004528481;inf
2736;Plymouth, Sutton and Devonport;Conservative;C;10196;10196;True;0;25363;0.4020029176359263;0.0007995912642536985;inf
2745;Pontypridd;Labour;L;12853;12853;True;60327;25303;0.5079634825909971;0.0010079586621668092;0.4194307689757488
2748;Poole;Conservative;C;8435;8435;True;73989;18989;0.4442045394702196;0.0006614900268713168;0.25664625822757436
2757;Poplar and Limehouse;Labour;L;7863;7863;True;91836;15889;0.4948706652401032;0.000616632611889646;0.17301493967507295
2760;Portsmouth North;Conservative;C;7042;7042;True;71299;12283;0.5733127086216723;0.000552248105421199;0.1722745059538002
2766;Portsmouth South;Conservative;C;14312;14312;True;74186;30454;0.46995468575556576;0.0011223764391917353;0.4105087213220823
2772;Preseli Pembrokeshire;Conservative;C;12460;12460;True;59606;20551;0.6062965305824534;0.0009771387948804514;0.34478072677247257
2779;Preston;Green Party;G;3028;3028;True;59672;9380;0.3228144989339019;0.00023746198000786572;0.1571926531706663
2784;Pudsey;Conservative;C;6801;6801;True;73212;13391;0.5078784258083787;0.0005333483903677328;0.18290717368737366
2793;Putney;Labour;L;11513;11513;True;65556;17149;0.6713510991894571;0.0009028731095873706;0.2615931417414119
2796;Rayleigh and Wickford;Conservative;C;14280;14280;True;78930;21437;0.6661379857256146;0.001119866933458495;0.27159508425186873
2802;Reading East;Conservative;C;13390;13390;True;77152;25335;0.5285178606670614;0.0010500713052527485;0.3283777478224803
2808;Reading West;Conservative;C;7830;7830;True;74137;14117;0.5546504214776511;0.000614044684102242;0.19041774012975976
2817;Redcar;Labour;L;5052;5052;True;65864;16959;0.2978949230497081;0.0003961882176353163;0.25748512085509534
2823;Redditch;Labour;L;6157;6157;True;65391;12816;0.48041510611735333;0.00048284458748627123;0.19599027389090243
2826;Reigate;Conservative;C;10105;10105;True;74242;25759;0.3922900733724135;0.0007924548573247963;0.3469599418119124
2835;Rhondda;Labour;L;12223;12223;True;50262;18932;0.6456264525670822;0.0009585527680436403;0.37666626875174086
2838;Ribble Valley;Conservative;C;14292;14292;True;79247;22678;0.6302143046123997;0.00112080799810846;0.2861685615859275
2844;Richmond (Yorks);Conservative;C;13756;13756;True;82569;23423;0.5872860009392478;0.0010787737770766846;0.2836778936404704
2850;Richmond Park;Conservative;C;9960;9960;True;82699;26737;0.3725174851329618;0.0007810836594710511;0.3233049976420513
2856;Rochdale;Conservative;C;10903;10903;True;78909;26843;0.40617665685653614;0.000855035656547477;0.3401766591896995
2865;Rochester and Strood;Labour;L;10285;10285;True;82056;19480;0.5279774127310062;0.0008065708270742732;0.23739884956614996
2871;Rochford and Southend East;Labour;L;8011;8011;True;75624;18391;0.4355934968190963;0.0006282390759058825;0.2431899925949434
2877;Romford;Labour;L;2295;2295;True;72350;6255;0.3669064748201439;0.00017997861430582953;0.08645473393227367
2883;Romsey and Southampton North;Labour;L;8674;8674;True;68228;15178;0.5714850441428383;0.0006802328978164555;0.22245998710206955
2891;Ross, Skye and Lochaber;Scottish National Party;SNP;9350;9350;True;0;25462;0.3672138873615584;0.0007332462064311574;inf
2896;Rossendale and Darwen;Labour;L;10705;10705;True;72770;17191;0.622709557326508;0.0008395080898230524;0.23623746049196098
2899;Rother Valley;Conservative;C;12893;12893;True;74804;25539;0.5048357414150907;0.0010110955443333597;0.34141222394524356
2905;Rotherham;Conservative;C;14360;14360;True;61688;34691;0.4139402150413652;0.0011261406977915956;0.5623622098301129
2911;Rugby;Conservative;C;3895;3895;True;72292;15007;0.259545545412141;0.00030545390096784576;0.2075886681790516
2917;Ruislip, Northwood and Pinner;Conservative;C;5350;5350;True;0;13818;0.3871761470545665;0.0004195579897761168;inf
2926;Runnymede and Weybridge;Labour;L;5134;5134;True;77196;16044;0.3199950137122912;0.0004026188260767446;0.20783460282916214
2929;Rushcliffe;Conservative;C;9556;9556;True;77047;16128;0.5925099206349206;0.000749401149588892;0.2093267745661739
2935;Rutherglen and Hamilton West;Conservative;C;6287;6287;True;80918;22766;0.27615742774312574;0.00049303945452756;0.2813465483575966
2945;Rutland and Melton;Labour;L;4507;4507;True;82705;12687;0.3552455269173169;0.000353448198116067;0.15340064083187233
2951;Saffron Walden;Labour;L;5188;5188;True;87017;11825;0.4387315010570825;0.00040685361700158767;0.13589298642793937
2954;Salford and Eccles;Conservative;C;6527;6527;True;82202;16258;0.4014638946979948;0.0005118607475268625;0.19778107588623148
2960;Salisbury;Conservative;C;11412;11412;True;74556;26777;0.42618665272435297;0.0008949524821168308;0.35915285154782983
2969;Scarborough and Whitby;Labour;L;6782;6782;True;74404;13022;0.5208109353401935;0.0005318583713386214;0.1750174721789151
2972;Scunthorpe;Conservative;C;5310;5310;True;61955;11199;0.47414947763193144;0.0004164211076095664;0.1807602291986119
2981;Sedgefield;Labour;L;3990;3990;True;64325;10671;0.37391059881922967;0.000312903996113403;0.16589195491643996
2987;Sefton Central;Labour;L;9325;9325;True;69760;25791;0.3615602341902214;0.0007312856550770634;0.3697104357798165
2990;Selby and Ainsty;Conservative;C;14929;14929;True;78398;19884;0.7508046670690002;0.0011707628466107753;0.25362891910507923
2999;Sevenoaks;Labour;L;4434;4434;True;71757;11919;0.3720110747545935;0.0003477233881621125;0.16610226180024248
3005;Sheffield Central;Labour;L;9820;9820;True;89849;22112;0.4441027496382055;0.0007701045718881247;0.24610179300826943
3008;Sheffield South East;Conservative;C;6636;6636;True;67832;18667;0.3554936518990732;0.0005204087514307123;0.27519459841962496
3017;Sheffield, Brightside and Hillsborough;Labour;L;6132;6132;True;0;17522;0.3499600502225773;0.0004808840361321772;inf
3020;Sheffield, Hallam;Conservative;C;8788;8788;True;0;16814;0.5226596883549424;0.0006891730119911242;inf
3027;Sheffield, Heeley;Green Party;G;3314;3314;True;0;9460;0.3503171247357294;0.0002598906874987011;inf
3032;Sherwood;Conservative;C;11419;11419;True;77888;27631;0.4132677065614708;0.0008955014364959771;0.35475297863599015
3038;Shipley;Conservative;C;12799;12799;True;74029;30901;0.41419371541374067;0.0010037238712419661;0.41741749854786636
3044;Shrewsbury and Atcham;Conservative;C;11969;11969;True;82238;23471;0.5099484470197265;0.0009386335662860452;0.28540334152095137
3050;Sittingbourne and Sheppey;Conservative;C;11642;11642;True;83917;23895;0.4872148985143335;0.0009129895545744957;0.28474564152674664
3056;Skipton and Ripon;Conservative;C;6570;6570;True;78673;11374;0.577633198522947;0.0005152328958559042;0.14457310640245066
3062;Sleaford and North Hykeham;Conservative;C;14603;14603;True;94761;20407;0.7155877885039448;0.0011451972569533895;0.21535230738383934
3068;Slough;Conservative;C;9680;9680;True;86818;27975;0.3460232350312779;0.0007591254843051982;0.32222580570849363
3074;Solihull;Conservative;C;14242;14242;True;78760;31855;0.4470883691728143;0.001116886895400272;0.40445657694261045
3080;Somerton and Frome;Conservative;C;5383;5383;True;85866;19116;0.2815965683197322;0.0004221459175635209;0.22262595206484523
3086;South Antrim;Conservative;C;2695;2695;True;71711;10727;0.251235200894938;0.0002113474359713336;0.14958653484123774
3092;South Basildon and East Thurrock;Conservative;C;10646;10646;True;74441;17232;0.6178040854224698;0.0008348811886273905;0.23148533738128182
3098;South Cambridgeshire;Conservative;C;14301;14301;True;87288;31880;0.4485884567126725;0.001121513796595934;0.3652277518100999
3107;South Derbyshire;Labour;L;5515;5515;True;79331;13366;0.41261409546610806;0.0004324976287131372;0.16848394700684474
3113;South Dorset;Labour;L;12622;12622;True;73809;23483;0.5374952093003449;0.0009898431676549806;0.3181590320963568
3116;South Down;Conservative;C;9440;9440;True;79175;24055;0.39243400540428186;0.0007403041913058958;0.30382065045784656
3125;South East Cambridgeshire;Labour;L;6022;6022;True;86769;8437;0.7137608154557307;0.0004722576101741636;0.09723518768223674
3128;South East Cornwall;Conservative;C;14173;14173;True;71825;29547;0.47967644769350526;0.0011114757736629727;0.411374869474417
3134;South Holland and The Deepings;Conservative;C;8842;8842;True;75975;16665;0.5305730573057306;0.0006934078029159673;0.21934846989141166
3143;South Leicestershire;Labour;L;10259;10259;True;80520;20563;0.4989058016826339;0.0008045318536660154;0.25537754595131645
3149;South Norfolk;Labour;L;8144;8144;True;86214;19936;0.4085072231139647;0.0006386692091096627;0.23123854594381424
3155;South Northamptonshire;Labour;L;12983;12983;True;90842;30498;0.4257000459046495;0.001018153529208098;0.3357257656150239
3158;South Ribble;Conservative;C;3731;3731;True;75351;14968;0.24926509887760556;0.0002925926840849891;0.19864368090669002
3164;South Shields;Conservative;C;12660;12660;True;62793;18614;0.6801332330503922;0.0009928232057132035;0.29643431592693453
3170;South Staffordshire;Conservative;C;10782;10782;True;73668;20461;0.5269537168271345;0.000845546587993662;0.27774610414291145
3176;South Suffolk;Conservative;C;13205;13205;True;76201;30621;0.43123999869370694;0.0010355632252324527;0.4018451201427803
3182;South Swindon;Conservative;C;12963;12963;True;73118;31180;0.4157472738935215;0.0010165850881248227;0.42643398342405425
3191;South Thanet;Labour;L;6920;6920;True;73223;15193;0.4554729151582966;0.0005426806148132202;0.20748945003619082
3194;South West Bedfordshire;Conservative;C;7848;7848;True;79926;11840;0.6628378378378378;0.0006154562810771896;0.14813702674974352
3200;South West Devon;Conservative;C;6079;6079;True;72535;16178;0.375757201137347;0.00047672766726149793;0.22303715447714897
3206;South West Hertfordshire;Conservative;C;13107;13107;True;80499;32120;0.4080635118306351;0.0010278778639244042;0.3990111678405943
3212;South West Norfolk;Conservative;C;14407;14407;True;78455;30626;0.47041729249657155;0.0011298265343372925;0.39036390287425915
3221;South West Surrey;Labour;L;8271;8271;True;79096;15872;0.5211063508064516;0.0006486288099884601;0.20066754323859615
3224;South West Wiltshire;Conservative;C;13214;13214;True;77969;22003;0.6005544698450211;0.0010362690237199267;0.28220190075542845
3230;Southampton, Itchen;Conservative;C;4274;4274;True;0;11802;0.3621420098288426;0.00033517585949591086;inf
3236;Southampton, Test;Conservative;C;9494;9494;True;0;13741;0.6909249690706645;0.0007445389822307389;inf
3245;Southend West;Labour;L;6340;6340;True;69043;14418;0.4397281176307394;0.0004971958233982393;0.2088263835580725
3251;Southport;Labour;L;6649;6649;True;70837;13216;0.5031023002421308;0.0005214282381348413;0.18656916583141578
3257;Spelthorne;Labour;L;9096;9096;True;70929;19012;0.47843467283820745;0.0007133270046735624;0.26804269057790187
3260;St Albans;Conservative;C;5737;5737;True;73727;11999;0.47812317693141093;0.000449907324737492;0.1627490607240224
3266;St Austell and Newquay;Conservative;C;11311;11311;True;79930;23320;0.48503430531732417;0.0008870318546462911;0.29175528587514077
3272;St Helens North;Conservative;C;2736;2736;True;75593;9217;0.29684279049582296;0.00021456274019204777;0.12192927916606035
3283;St Helens South and Whiston;UKIP;UKIP;2819;2819;True;79061;11524;0.24461992363762583;0.00022107177068763986;0.14576086819038464
3287;St Ives;Labour;L;10097;10097;True;68795;16824;0.6001545411317166;0.0007918274808914862;0.24455265644305546
3293;Stafford;Labour;L;11930;11930;True;72572;16206;0.7361471060101197;0.0009355751061736585;0.22330926528137574
3299;Staffordshire Moorlands;Labour;L;5014;5014;True;65485;14964;0.3350708366746859;0.0003932081795770934;0.22851034588073604
3302;Stalybridge and Hyde;Conservative;C;13950;13950;True;73064;32045;0.4353253237634576;0.0010939876555844542;0.4385880871564656
3311;Stevenage;Labour;L;5247;5247;True;71562;12329;0.4255819612296212;0.0004114805181972495;0.17228417316452865
3314;Stirling;Conservative;C;14718;14718;True;68473;31057;0.47390282384003607;0.0011542157931822218;0.45356563901099706
3324;Stockport;Labour;L;10525;10525;True;65391;18304;0.5750109265734266;0.0008253921200735755;0.2799161964184674
3330;Stockton North;Labour;L;4990;4990;True;66649;10686;0.46696612390043046;0.00039132605027716313;0.16033248810934897
3336;Stockton South;Labour;L;9623;9623;True;76870;25104;0.38332536647546206;0.000754655427217864;0.3265773383634708
3339;Stoke-On-Trent Central;Conservative;C;7941;7941;True;0;23805;0.33358538122243225;0.0006227495321144194;inf
3348;Stoke-On-Trent North;Labour;L;5685;5685;True;0;17956;0.3166072621964803;0.00044582937792097643;inf
3351;Stoke-On-Trent South;Conservative;C;4957;4957;True;0;7811;0.6346178466265523;0.0003887381224897591;inf
3357;Stone;Conservative;C;12209;12209;True;69378;23355;0.5227574395204453;0.0009574548592853477;0.336634091498746
3363;Stourbridge;Conservative;C;12915;12915;True;69891;20560;0.6281614785992218;0.0010128208295249624;0.2941723540942324
3369;Strangford;Conservative;C;4447;4447;True;66928;9198;0.48347466840617526;0.0003487428748662414;0.13743126942385847
3378;Stratford-On-Avon;Labour;L;6358;6358;True;0;13068;0.48653198653198654;0.000498607420373187;inf
3381;Streatham;Conservative;C;13519;13519;True;84783;18560;0.7283943965517241;0.0010601877502398735;0.2189118101506198
3387;Stretford and Urmston;Conservative;C;4723;4723;True;72372;13605;0.34715178243292905;0.00037038736181543917;0.18798706682142266
3393;Stroud;Conservative;C;12291;12291;True;84537;20155;0.6098238650458944;0.000963885467726776;0.23841631474975455
3399;Suffolk Coastal;Conservative;C;14571;14571;True;81910;25757;0.5657102923477113;0.001142687751220149;0.31445488951288
3405;Sunderland Central;Conservative;C;13561;13561;True;72680;24391;0.5559837645033004;0.0010634814765147513;0.33559438635112826
3411;Surrey Heath;Conservative;C;8323;8323;True;81349;16370;0.5084300549786194;0.0006527067568049758;0.20123172995365646
3420;Sutton Coldfield;Labour;L;4029;4029;True;75638;11740;0.34318568994889265;0.00031596245622578966;0.15521298818054416
3423;Sutton and Cheam;Conservative;C;10687;10687;True;71779;17654;0.6053585589668063;0.0008380964928481048;0.2459493723791081
3434;Swansea East;UKIP;UKIP;3386;3386;True;58450;11537;0.29349050879778105;0.00026553707539849185;0.19738237810094098
3435;Swansea West;Conservative;C;13316;13316;True;57078;21271;0.6260166423769451;0.00104426807324463;0.37266547531448196
3444;Tamworth;Labour;L;11485;11485;True;71572;15562;0.7380156792186094;0.0009006772920707853;0.21743139775331136
3450;Tatton;Labour;L;11184;11184;True;69018;27356;0.40883170054101475;0.0008770722537674935;0.3963603697586137
3456;Taunton Deane;Labour;L;11840;11840;True;88676;18164;0.6518388020259854;0.0009285171212989201;0.20483558121701476
3462;Telford;Labour;L;11186;11186;True;68921;24667;0.4534803583735355;0.000877229097875821;0.35790252608058504
3468;Tewkesbury;Labour;L;6376;6376;True;83958;18114;0.35199293364248646;0.0005000190173481347;0.2157507325091117
3474;The Cotswolds;Labour;L;9368;9368;True;81939;19910;0.4705173279758915;0.0007346578034061051;0.24298563565579273
3480;The Wrekin;Labour;L;6988;6988;True;70693;17842;0.3916601277883645;0.0005480133144963559;0.2523870821722094
3486;Thirsk and Malton;Labour;L;11801;11801;True;80991;26462;0.4459602448794498;0.0009254586611865336;0.3267276610981467
3492;Thornbury and Yate;Labour;L;6907;6907;True;69492;15796;0.43726259812610785;0.0005416611281090914;0.22730674034421228
3498;Thurrock;Labour;L;12172;12172;True;79659;19293;0.6309023998341368;0.0009545532432812886;0.24219485557187512
3504;Tiverton and Honiton;Labour;L;7182;7182;True;82953;19001;0.3779801063101942;0.0005632271930041254;0.22905741805600763
3507;Tonbridge and Malling;Conservative;C;9288;9288;True;79278;14392;0.6453585325180656;0.0007283840390730043;0.18153838391483135
3513;Tooting;Conservative;C;5097;5097;True;76954;13712;0.37171820303383896;0.0003997172100726855;0.1781843698833069
3522;Torbay;Labour;L;3962;3962;True;75054;7606;0.5209045490402314;0.0003107081785968177;0.10134036826818024
3525;Torfaen;Conservative;C;11518;11518;True;62330;23799;0.48396991470229844;0.0009032652198581894;0.38182255735600834
3534;Torridge and West Devon;Labour;L;8233;8233;True;80403;17624;0.4671470721743078;0.0006456487719302373;0.21919580115169832
3537;Totnes;Conservative;C;4995;4995;True;69863;15475;0.32277867528271403;0.00039171816054798197;0.22150494539312654
3546;Tottenham;Labour;L;10352;10352;True;75740;19790;0.5230924709449217;0.0008118251047032451;0.26128861895959865
3549;Truro and Falmouth;Conservative;C;10706;10706;True;76719;28544;0.375070067264574;0.0008395865118772162;0.37205907271992594
3558;Tunbridge Wells;Labour;L;12743;12743;True;74823;23758;0.5363666975334624;0.0009993322362087955;0.3175226868743568
3561;Twickenham;Conservative;C;7221;7221;True;84906;21421;0.33709910835161755;0.0005662856531165121;0.25229076861470334
3567;Tynemouth;Conservative;C;7591;7591;True;77261;20151;0.3767058706763932;0.0005953018131571033;0.26081722990900974
3573;Upper Bann;Conservative;C;14163;14163;True;82887;31273;0.45288267834873536;0.001110691553121335;0.37729680166974316
3584;Uxbridge and South Ruislip;UKIP;UKIP;3472;3472;True;70365;12821;0.27080570938304344;0.00027228137205657525;0.1822070631706104
3585;Vale Of Clwyd;Conservative;C;9973;9973;True;0;21796;0.4575610203707102;0.00078210314617518;inf
3591;Vale Of Glamorgan;Conservative;C;11415;11415;True;0;18328;0.6228175469227412;0.0008951877482793221;inf
3597;Vauxhall;Conservative;C;12398;12398;True;88659;27758;0.4466460119605159;0.0009722766275222983;0.31308722182745125
3606;Wakefield;Labour;L;10479;10479;True;70192;21069;0.4973657980919835;0.0008217847055820427;0.3001624116708457
3612;Wallasey;Labour;L;8277;8277;True;66310;17411;0.47538912181953935;0.0006490993423134428;0.2625697481526165
3618;Walsall North;Labour;L;12074;12074;True;67177;18552;0.6508193186718413;0.00094686788197324;0.276165949655388
3621;Walsall South;Conservative;C;14732;14732;True;68024;23194;0.6351642666206777;0.0011553137019405144;0.3409678936845819
3630;Walthamstow;Labour;L;6208;6208;True;70267;14456;0.4294410625345877;0.000486844112248623;0.20572957433788264
3636;Wansbeck;Labour;L;8574;8574;True;63339;17904;0.478887399463807;0.0006723906924000795;0.28266944536541466
3642;Wantage;Labour;L;7171;7171;True;90867;16076;0.4460686737994526;0.000562364550408324;0.1769179129937161
3645;Warley;Conservative;C;12532;12532;True;62357;21367;0.5865119108906257;0.0009827851827802422;0.34265599692095516
3654;Warrington North;Labour;L;7619;7619;True;72235;19942;0.3820579681075118;0.0005974976306736886;0.27607115664151727
3657;Warrington South;Conservative;C;12255;12255;True;86015;21353;0.5739240387767527;0.0009610622737768807;0.24824739870952742
3666;Warwick and Leamington;Labour;L;9335;9335;True;76362;20094;0.4645665372748084;0.000732069875618701;0.2631413530289935
3669;Washington and Sunderland West;Conservative;C;10419;10419;True;66278;21441;0.48593815586959566;0.000817079382332217;0.32350101089350913
3678;Watford;Labour;L;8598;8598;True;83359;16500;0.521090909090909;0.0006742728217000097;0.1979390347772886
3684;Waveney;Labour;L;10073;10073;True;82791;17649;0.5707405518726274;0.000789945351591556;0.21317534514621153
3690;Wealden;Labour;L;10072;10072;True;82998;15585;0.6462624318254732;0.0007898669295373922;0.1877756090508205
3693;Weaver Vale;Conservative;C;10039;10039;True;70551;16119;0.6228053849494386;0.0007872790017499882;0.22847301951779564
3702;Wellingborough;Labour;L;11861;11861;True;80765;22518;0.5267341682209787;0.0009301639844363592;0.2788088899894756
3705;Wells;Conservative;C;9895;9895;True;84124;21703;0.45592775192369717;0.0007759862259504067;0.2579882078836004
3711;Welwyn Hatfield;Conservative;C;14471;14471;True;74892;23891;0.6057092629023482;0.001134845545803773;0.3190060353575816
3717;Wentworth and Dearne;Conservative;C;14933;14933;True;74536;30913;0.48306537702584673;0.0011710765348274302;0.4147391864334013
3723;West Aberdeenshire and Kincardine;Conservative;C;7092;7092;True;72640;11251;0.63034396942494;0.000556169208129387;0.15488711453744494
3733;West Bromwich East;Labour;L;9325;9325;True;62046;18281;0.5100924457086593;0.0007312856550770634;0.2946362376301454
3739;West Bromwich West;Labour;L;12313;12313;True;64517;26415;0.4661366647738028;0.0009656107529183787;0.4094269727358681
3742;West Dorset;Conservative;C;7510;7510;True;81897;18899;0.39737552251441877;0.0005889496267698387;0.23076547370477551
3753;West Dunbartonshire;Scottish National Party;SNP;5483;5483;True;66517;20262;0.2706050735366696;0.0004299881229798969;0.30461385811146025
3755;West Ham;Conservative;C;13613;13613;True;97947;20158;0.675315011409862;0.001067559423331267;0.2058051803526397
3761;West Lancashire;Conservative;C;10147;10147;True;73347;20324;0.49926195630781345;0.0007957485835996742;0.2770938143346013
3770;West Suffolk;Labour;L;11622;11622;True;80193;23819;0.48792980393803265;0.0009114211134912205;0.2970209369895128
3776;West Tyrone;Labour;L;9205;9205;True;66259;19266;0.47778469843247173;0.0007218750085774122;0.2907680466049895
3782;West Worcestershire;Labour;L;4806;4806;True;76241;12759;0.3766752880319774;0.00037689639231103125;0.1673509004341496
3788;Westminster North;Labour;L;4605;4605;True;65519;14703;0.3132013874719445;0.0003611335594241155;0.22440818693814008
3794;Westmorland and Lonsdale;Labour;L;7320;7320;True;67789;15448;0.47384774728120144;0.0005740494364787243;0.22788357993184735
3797;Weston-Super-Mare;Conservative;C;11320;11320;True;82526;25170;0.4497417560588002;0.0008877376531337649;0.3049947895208783
3806;Wigan;Labour;L;12362;12362;True;75680;27487;0.4497398770327791;0.0009694534335724029;0.3632003171247357
3812;Wimbledon;Labour;L;12843;12843;True;68240;24475;0.5247395301327885;0.0010071744416251715;0.3586606096131301
3818;Winchester;Labour;L;5332;5332;True;75582;11720;0.45494880546075084;0.00041814639280116913;0.15506337487761637
3822;Windsor;Green Party;G;3024;3024;True;75038;9273;0.32610805564542217;0.0002371482917912107;0.12357738745702178
3827;Wirral South;Conservative;C;13555;13555;True;57280;29818;0.45459118653162517;0.0010630109441897688;0.5205656424581006
3833;Wirral West;Conservative;C;10379;10379;True;55550;15418;0.6731742119600467;0.0008139425001656666;0.27755175517551756
3839;Witham;Conservative;C;13226;13226;True;70402;27014;0.48959798622936257;0.0010372100883698917;0.38371069003721486
3845;Witney;Conservative;C;12070;12070;True;83845;23225;0.5196986006458557;0.000946554193756585;0.27699922475997374
3854;Woking;Labour;L;5452;5452;True;75424;9301;0.5861735297279862;0.0004275570393008203;0.1233161858294442
3857;Wokingham;Conservative;C;6773;6773;True;83953;13540;0.5002215657311669;0.0005311525728511475;0.16128071659142615
3863;Wolverhampton North East;Conservative;C;4530;4530;True;61660;13117;0.3453533582374018;0.00035525190536183347;0.2127311060655206
3872;Wolverhampton South East;Labour;L;12306;12306;True;62883;18604;0.6614706514728016;0.0009650617985392324;0.29585102491929455
3878;Wolverhampton South West;Labour;L;3173;3173;True;60534;7814;0.4060660353212183;0.00024883317786161097;0.1290844814484422
3884;Worcester;Labour;L;11215;11215;True;73485;19504;0.5750102543068089;0.00087950333744657;0.26541471048513304
3887;Workington;Conservative;C;3069;3069;True;61370;10371;0.2959213190627712;0.0002406772842285799;0.1689913638585628
3896;Worsley and Eccles South;Labour;L;9757;9757;True;75219;19750;0.4940253164556962;0.0007651639824758078;0.26256663874818864
3903;Worthing West;Liberal Democrats;LD;2507;2507;True;78585;7067;0.35474741757464273;0.0001966040897885467;0.08992810332760705
3905;Wrexham;Conservative;C;11927;11927;True;49737;16118;0.7399801464201514;0.0009353398400111673;0.324064579689165
3911;Wycombe;Conservative;C;10546;10546;True;78093;22502;0.46866945160430185;0.0008270389832110145;0.28814362362823814
3918;Wyre Forest;Green Party;G;2975;2975;True;78077;9179;0.32410938010676543;0.00023330561113718643;0.1175634309719892
3923;Wyre and Preston North;Conservative;C;12319;12319;True;74775;29812;0.41322286327653296;0.0009660812852433613;0.3986894015379472
3932;Wythenshawe and Sale East;Labour;L;11964;11964;True;76313;25862;0.462609233624623;0.0009382414560152265;0.3388937664618086
3938;Yeovil;Labour;L;5131;5131;True;82468;11768;0.43601291638341266;0.00040238355991425333;0.142697773681913
3944;Ynys Mon;Labour;L;12022;12022;True;0;26603;0.4519039206104575;0.0009427899351567245;inf
3951;York Central;Liberal Democrats;LD;2905;2905;True;74899;9534;0.30469897209985314;0.00022781606734572322;0.1272914191110696
3956;York Outer;Labour;L;10138;10138;True;74673;21157;0.47917946778843884;0.0007950427851122004;0.28332864623090004
